Timestamp,University,Specialization,Employability,Salary_range,Job_Role
45007.529748553236,SLIIT,Information Systems Engineering,Internship / Traniee,15000 - 40000,Business Analysts
45007.531217048614,SLIIT,Information Technology,Internship / Traniee,15000 - 40000,System and Data Administrators
45007.53242246528,SLIIT,Information Systems Engineering,Internship / Traniee,15000 - 40000,System Analysts
45007.53272329862,SLIIT,Cyber Security,Internship / Traniee,15000 - 40000,Cyber Security Professionals
45007.53479719907,SLIIT,Information Systems Engineering,Internship / Traniee,15000 - 40000,CIOs
45007.53552171296,SLIIT,Information Systems Engineering,Internship / Traniee,15000 - 40000,ERP Specialists
45007.53560173611,SLIIT,Information Technology,Internship / Traniee,50000 - 80000,System and Data Administrators
45007.5356467824,NSBM,Software Engineering,Engineer,50000 - 80000,Mobile Application Developers
45007.53734805556,SLIIT,Information Systems Engineering,Internship / Traniee,15000 - 40000,e-Business consultants
45007.53777378472,SLIIT,Information Systems Engineering,Associate,100000 - 150000,Product owner Release Managers
45007.53860476852,SLIIT,Information Technology,Internship / Traniee,15000 - 40000,ICT infrastructure Engineers
45007.538994965274,SLIIT,Data Science,Internship / Traniee,15000 - 40000,Data Science Specialist
45007.54061636574,,Cyber Security,Internship / Traniee,15000 - 40000,Security Operations Center(SOC) Analysts
45007.543784837966,SLIIT,Information Technology,Internship / Traniee,15000 - 40000,Network Engineers
45007.54922821759,SLIIT,Cyber Security,Internship / Traniee,15000 - 40000,Incident and Threat Managers
45007.55070010417,SLIIT,Data Science,Internship / Traniee,15000 - 40000,Business Intelligence Engineer Data Scientist
45007.55267391204,NSBM,Software Engineering,Associate,300000 - 500000,Full Stack Developers
45007.55272900463,SLIIT,Information Systems Engineering,Internship / Traniee,50000 - 80000,IS Support Engineers
45007.55349423611,SLIIT,Cyber Security,Internship / Traniee,15000 - 40000,Incident and Threat Managers
45007.56250652778,SLIIT,Software Engineering,Internship / Traniee,50000 - 80000,Mobile Application Developers
45007.57368075231,ICBT,Software Engineering,Internship / Traniee,15000 - 40000,Full Stack Developers
45007.5740428125,SLIIT,Information Technology,Associate,50000 - 80000,Information Assurance Engineers
45007.57532938657,SLIIT,Software Engineering,Associate,50000 - 80000,UI/UX Engineers
45007.578572314815,ICBT,Computer Systems & Network Engineering,Senior Engineer,300000 - 500000,Computer Systems Administrators
45007.579394155095,SLIIT,Information Technology,Internship / Traniee,15000 - 40000,Information Assurance Engineers
45007.58568462963,NSBM,Data Science,,50000 - 80000,Data Science Specialist
45007.59742524306,SLIIT,Software Engineering,Internship / Traniee,15000 - 40000,Mobile Application Developers
45007.608447384264,SLIIT,Software Engineering,Associate,100000 - 150000,System Analysts
45007.6128553125,SLIIT,Computer Systems & Network Engineering,Engineer,160000 - 250000,Develops Engineers
45007.61923635416,SLIIT,Cyber Security,Internship / Traniee,15000 - 40000,Network Security Specialists
45007.62552577547,SLIIT,Data Science,Internship / Traniee,15000 - 40000,Machine Learning Engineer
45007.626169537034,SLIIT,Data Science,Internship / Traniee,50000 - 80000,Data Engineer
45007.62715626157,SLIIT,Information Technology,Engineer,100000 - 150000,Network Engineers
45007.62801561343,SLIIT,Data Science,Internship / Traniee,15000 - 40000,Big Data Application Developer
45007.632177164356,NSBM,Information Technology,Internship / Traniee,50000 - 80000,ICT infrastructure Engineers
45007.63519572916,SLTC,Cyber Security,Internship / Traniee,50000 - 80000,Cyber Security Professionals
45007.63628474537,SLIIT,Data Science,Internship / Traniee,15000 - 40000,Database Administrator
45007.64874369213,SLIIT,Software Engineering,Internship / Traniee,15000 - 40000,System Analysts
45007.65220578704,SLIIT,Cyber Security,Internship / Traniee,15000 - 40000,System Architects
45007.659818541666,SLIIT,Information Systems Engineering,Internship / Traniee,15000 - 40000,IS Administrators
45007.666683993055,SLIIT,Information Systems Engineering,Internship / Traniee,15000 - 40000,Database Administrator
45007.67741885417,NSBM,Software Engineering,Associate,50000 - 80000,Mobile Application Developers
45007.67769921296,NSBM,Software Engineering,Associate,50000 - 80000,System Analysts
45007.712147928236,SLIIT,Information Technology,Internship / Traniee,50000 - 80000,ICT infrastructure Engineers
45007.71380712963,SLIIT,Information Technology,Internship / Traniee,15000 - 40000,ICT infrastructure Engineers
45007.72828793981,SLIIT,Information Technology,Internship / Traniee,15000 - 40000,System and Data Administrators
45007.72911327546,SLIIT,Information Technology,Internship / Traniee,15000 - 40000,Information Assurance Engineers
45007.7497472338,NSBM,Computer Systems & Network Engineering,Associate,50000 - 80000,Database Administrators Cloud
45007.768469456016,SLIIT,Cyber Security,Internship / Traniee,15000 - 40000,Cyber Security Professionals
45007.793644895835,SLIIT,Software Engineering,Internship / Traniee,15000 - 40000,UI/UX Engineers
45007.8772471875,SLIIT,Information Technology,Associate,50000 - 80000,Information Assurance Engineers
45007.87731888889,SLIIT,Information Technology,Associate,50000 - 80000,Network Engineers
45007.87742491898,SLIIT,Information Technology,Associate,50000 - 80000,Information Assurance Engineers
45008.3364134838,SLIIT,Information Systems Engineering,Internship / Traniee,50000 - 80000,Information Systems Engineer
45008.38133770833,SLIIT,Software Engineering,Internship / Traniee,15000 - 40000,Full Stack Developers
45008.38140842592,,Data Science,Internship / Traniee,15001 - 40000,Data Analyst
45008.48974693287,SLIIT,Computer Systems & Network Engineering,Internship / Traniee,50000 - 80000,Computer Systems Administrators
45008.77188696759,SLIIT,Information Technology,Internship / Traniee,15000 - 40000,ICT infrastructure Engineers
45009.338377708336,SLIIT,Cyber Security,Internship / Traniee,15001 - 40000,System Architects
45012.45108353009,SLIIT,Software Engineering,Internship / Traniee,15000 - 40000,System Analysts
45050.64559829861,SLIIT,Information Technology,Internship / Traniee,15000 - 40000,ICT infrastructure Engineers
45052.39187703704,NSBM,Information Technology,Associate,15000 - 40000,Information Assurance Engineers
45052.39365012731,NSBM,Information Technology,Associate,50000 - 80000,System and Data Administrators
45052.39454267361,NSBM,Information Technology,Engineer,50000 - 80000,ICT infrastructure Engineers
45052.395238125,NSBM,Cyber Security,Engineer,15000 - 40000,System Architects
45052.39610092592,NIBM,Information Technology,Engineer,50000 - 80000,Information Assurance Engineers
45052.39663004629,NIBM,Information Technology,Associate,100000 - 150000,System and Data Administrators
45052.39712168981,NIBM,Information Technology,Engineer,160000 - 250000,System and Data Administrators
45052.39787710649,ICBT,Information Technology,Engineer,100000 - 150000,Information Assurance Engineers
45052.39850222222,ICBT,Cyber Security,Internship / Traniee,15000 - 40000,Security Operations Center(SOC) Analysts
45052.3990045949,ICBT,Information Technology,Associate,50000 - 80000,ICT infrastructure Engineers
45052.399479907406,SLTC,Information Technology,Associate,50000 - 80000,ICT infrastructure Engineers
45052.400331689816,SLTC,Cyber Security,Associate,50000 - 80000,System Architects
45052.40089802083,SLTC,Cyber Security,Associate,160000 - 250000,Cyber Security Professionals
45052.401367314815,SLTC,Cyber Security,Associate,50000 - 80000,Operations and Security Managers
45052.40183520834,NIBM,Cyber Security,Internship / Traniee,15000 - 40000,Incident and Threat Managers
45052.40292791667,NSBM,Cyber Security,Associate,50000 - 80000,System Architects
45052.40355945602,NIBM,Cyber Security,Internship / Traniee,15000 - 40000,Operations and Security Managers
45052.40415880787,NIBM,Cyber Security,Associate,50000 - 80000,Cyber Security Professionals
45052.40546587963,NIBM,Cyber Security,Engineer,15000 - 40000,Incident and Threat Managers
45052.40597861111,ICBT,Information Technology,Internship / Traniee,50000 - 80000,Information Assurance Engineers
45052.406400798616,SLTC,Information Technology,Associate,300000 - 500000,Network Engineers
45052.40692328704,SLTC,Information Technology,Associate,50000 - 80000,System and Data Administrators
45052.407460891205,NSBM,Information Technology,Associate,50000 - 80000,System and Data Administrators
45052.40780590278,SLTC,Cyber Security,Internship / Traniee,15000 - 40000,Security Operations Center(SOC) Analysts
45052.408206736116,NSBM,Computer Systems & Network Engineering,Associate,100000 - 150000,Network Engineers
45052.40855603009,NSBM,Computer Systems & Network Engineering,Associate,100000 - 150000,Network Administrators Computer Systems Engineers
45052.408883321754,NSBM,Computer Systems & Network Engineering,Engineer,160000 - 250000,Computer Systems Administrators
45052.40932898148,ICBT,Computer Systems & Network Engineering,Internship / Traniee,50000 - 80000,Database Administrators Cloud
45052.40974481481,SLTC,Computer Systems & Network Engineering,Engineer,160000 - 250000,Systems Engineers Scripting
45052.410188842594,NSBM,Computer Systems & Network Engineering,Engineer,160000 - 250000,Engineers
45052.41056513889,NSBM,Computer Systems & Network Engineering,Engineer,160000 - 250000,Develops Engineers
45052.4110180787,NIBM,Computer Systems & Network Engineering,Associate,100000 - 150000,Security Engineers
45052.41142350694,SLTC,Computer Systems & Network Engineering,Engineer,100000 - 150000,Database Administrators Cloud
45052.41189261574,SLTC,Computer Systems & Network Engineering,Internship / Traniee,15000 - 40000,Network Architects
45052.412338379625,ICBT,Cyber Security,Internship / Traniee,15000 - 40000,Cyber Security Professionals
45052.41281462963,NSBM,Computer Systems & Network Engineering,Internship / Traniee,15000 - 40000,Backup Storage
45052.41318413195,ICBT,Computer Systems & Network Engineering,Internship / Traniee,15000 - 40000,Engineers Voice
45052.41371986111,NSBM,Computer Systems & Network Engineering,Associate,100000 - 150000,Computer Systems Administrators
45052.41411795139,ICBT,Computer Systems & Network Engineering,Associate,50000 - 80000,Database Administrators Cloud
45052.41458383102,NSBM,Computer Systems & Network Engineering,Associate,160000 - 250000,Systems Engineers Scripting
45052.41533157407,NSBM,Data Science,Internship / Traniee,15000 - 40000,Data Engineer
45052.41589131944,NIBM,Computer Systems & Network Engineering,Internship / Traniee,15000 - 40000,Security Engineers
45052.416481203705,NIBM,Software Engineering,Engineer,100000 - 150000,Mobile Application Developers
45052.416956562505,SLTC,Computer Systems & Network Engineering,Associate,50000 - 80000,Systems Engineers Scripting
45052.417381666666,NIBM,Cyber Security,Internship / Traniee,15000 - 40000,Cyber Security Professionals
45052.417891944446,NIBM,Computer Systems & Network Engineering,Engineer,100000 - 150000,Engineers Voice
45052.41818247685,NIBM,Computer Systems & Network Engineering,Engineer,50000 - 80000,Computer Systems Administrators
45052.41879310185,NSBM,Computer Systems & Network Engineering,Engineer,100000 - 150000,Database Administrators Cloud
45052.41931353009,SLTC,Computer Systems & Network Engineering,Engineer,50000 - 80000,Security Engineers
45052.41972261574,NSBM,Software Engineering,Internship / Traniee,50000 - 80000,Software Engineers
45052.420171157406,NIBM,Computer Systems & Network Engineering,Associate,15000 - 40000,Computer Systems Administrators
45052.42053150463,NIBM,Computer Systems & Network Engineering,Engineer,100000 - 150000,Database Administrators Cloud
45052.42085248843,,Computer Systems & Network Engineering,Engineer,100000 - 150000,Systems Engineers Scripting
45052.42114305556,NSBM,Computer Systems & Network Engineering,Associate,100000 - 150000,Engineers
45052.42153925926,NIBM,Computer Systems & Network Engineering,Internship / Traniee,50000 - 80000,Develops Engineers
45052.421945752314,SLTC,Computer Systems & Network Engineering,Internship / Traniee,15000 - 40000,Security Engineers
45052.422324872685,NIBM,Computer Systems & Network Engineering,Associate,50000 - 80000,Systems Engineers Scripting
45052.42271194444,NIBM,Computer Systems & Network Engineering,Associate,100000 - 150000,Engineers
45052.42310421296,SLTC,Information Technology,Internship / Traniee,50000 - 80000,Information Assurance Engineers
45052.4235846875,NSBM,Data Science,Associate,100000 - 150000,Data Engineer
45052.42400918981,NIBM,Cyber Security,Internship / Traniee,15000 - 40000,Cyber Security Professionals
45052.42444346065,NSBM,Software Engineering,Associate,50000 - 80000,Mobile Application Developers
45052.424813125,NIBM,Software Engineering,Associate,50000 - 80000,Software Engineers
45052.42526351852,NIBM,Software Engineering,Internship / Traniee,15000 - 40000,Mobile Application Developers
45052.42560241898,ICBT,Cyber Security,Associate,50000 - 80000,Cyber Security Professionals
45052.4259487963,,Data Science,Engineer,300000 - 500000,Data Engineer
45052.42629952546,NIBM,Computer Systems & Network Engineering,Internship / Traniee,15000 - 40000,Network Engineers
45052.42662640046,ICBT,Computer Systems & Network Engineering,Associate,50000 - 80000,Network Administrators Computer Systems Engineers
45052.42713928241,NSBM,Computer Systems & Network Engineering,Engineer,100000 - 150000,Computer Systems Administrators
45052.42787422454,NSBM,Computer Systems & Network Engineering,Internship / Traniee,15000 - 40000,Database Administrators Cloud
45052.4283403125,NIBM,Computer Systems & Network Engineering,Associate,100000 - 150000,Systems Engineers Scripting
45052.428758124996,NSBM,Computer Systems & Network Engineering,Associate,50000 - 80000,Engineers
45052.429268645836,NIBM,Computer Systems & Network Engineering,Associate,50000 - 80000,Develops Engineers
45052.429874629626,SLTC,Computer Systems & Network Engineering,Engineer,50000 - 80000,Security Engineers
45052.43039361111,SLTC,Cyber Security,Senior Engineer,160000 - 250000,Cyber Security Professionals
45052.43080903935,ICBT,Computer Systems & Network Engineering,Engineer,300000 - 500000,Network Architects
45052.43113539352,NSBM,Computer Systems & Network Engineering,Associate,100000 - 150000,Virtualization Engineers
45052.431609907406,ICBT,Computer Systems & Network Engineering,Internship / Traniee,15000 - 40000,Backup Storage
45052.432063541666,NIBM,Computer Systems & Network Engineering,Associate,100000 - 150000,Engineers Voice
45052.43245641203,ICBT,Information Technology,Internship / Traniee,15000 - 40000,System and Data Administrators
45052.43282052083,ICBT,Information Systems Engineering,Engineer,100000 - 150000,IS Project Manager
45052.43310012731,NIBM,Information Technology,Associate,50000 - 80000,ICT infrastructure Engineers
45052.43345092592,NSBM,Information Technology,Associate,100000 - 150000,Information Assurance Engineers
45052.43413756945,ICBT,Data Science,Associate,50000 - 80000,Data Engineer
45052.43455363426,NIBM,Cyber Security,Associate,50000 - 80000,Cyber Security Professionals
45052.43492760417,ICBT,Information Technology,Engineer,100000 - 150000,ICT infrastructure Engineers
45052.43528074074,ICBT,Information Technology,Associate,15000 - 40000,System and Data Administrators
45052.43587,ICBT,Information Technology,Associate,100000 - 150000,Information Assurance Engineers
45052.437302025464,NIBM,Computer Systems & Network Engineering,Internship / Traniee,100000 - 150000,Engineers Voice
45060.98235160879,SLIIT,Information Technology,Internship / Traniee,15000 - 40000,ICT infrastructure Engineers
45060.98281773148,SLIIT,Information Technology,Internship / Traniee,15000 - 40000,ICT infrastructure Engineers
45060.9831421875,SLIIT,Information Technology,Associate,50000 - 80000,System and Data Administrators
45060.98367725694,SLIIT,Information Technology,Internship / Traniee,15000 - 40000,Information Assurance Engineers
45061.43907346065,SLIIT,Information Technology,Associate,50000 - 80000,Information Assurance Engineers
45061.439350243054,SLIIT,Computer Systems & Network Engineering,Internship / Traniee,15000 - 40000,Network Engineers
45061.43984554398,SLIIT,Information Systems Engineering,Internship / Traniee,15000 - 40000,Business Consultants
45061.4405225463,SLIIT,Software Engineering,Associate,15000 - 40000,Software Engineers
45061.441297129626,SLIIT,Interactive Media,Internship / Traniee,15000 - 40000,UX/UI Engineers
45061.4417793287,SLIIT,Cyber Security,Internship / Traniee,15000 - 40000,Cyber Security Professionals
45061.442105821756,SLIIT,Data Science,Internship / Traniee,15000 - 40000,Data Engineer
45061.442643842594,SLIIT,Information Technology,Internship / Traniee,15000 - 40000,System and Data Administrators
45061.442844062505,SLIIT,Information Technology,Internship / Traniee,15000 - 40000,System and Data Administrators
45061.44309143518,SLIIT,Information Technology,Internship / Traniee,15000 - 40000,Information Assurance Engineers
45061.50732662037,SLIIT,Software Engineering,Internship / Traniee,15000 - 40000,Mobile Application Developers
45061.50767471065,SLIIT,Interactive Media,Internship / Traniee,15000 - 40000,Visual Concept Designer
45061.50797310185,SLIIT,Cyber Security,Internship / Traniee,15000 - 40000,Network Security Specialists
45061.50903611111,SLIIT,Data Science,Internship / Traniee,15000 - 40000,Business Intelligence Engineer Data Scientist
45062.961608136575,NSBM,Computer Systems & Network Engineering,Internship / Traniee,100000 - 150000,Network Administrators Computer Systems Engineers
45063.046276759254,NSBM,Information Technology,Internship / Traniee,15000 - 40000,ICT infrastructure Engineers
45063.04717048611,,Information Technology,Internship / Traniee,15000 - 40000,ICT infrastructure Engineers
45063.04797974537,SLIIT,Information Technology,Associate,50000 - 80000,ICT infrastructure Engineers
45063.04829362268,NIBM,Information Technology,Engineer,160000 - 250000,System and Data Administrators
45063.048472650466,NSBM,Information Technology,Internship / Traniee,15000 - 40000,Information Assurance Engineers
45063.04869333333,SLTC,Information Technology,,,Software Quality Assurance Engineers
45063.04886540509,NIBM,Information Technology,Associate,100000 - 150000,Web Developers
45063.04906446759,NIBM,Information Technology,Internship / Traniee,15000 - 40000,Software Engineers
45063.04936068287,SLIIT,Information Technology,Associate,50000 - 80000,Data Engineers
45063.04958586805,SLTC,Information Technology,Senior Engineer,300000 - 500000,Network Engineers
45063.04976969908,NSBM,Information Technology,Senior Engineer,300000 - 500000,Network Engineers
45063.04994950231,NSBM,Information Technology,Associate,50000 - 80000,IT Managers
45063.05017232639,NIBM,Information Technology,Engineer,160000 - 250000,IT Educationists
45063.05310321759,NIBM,Computer Systems & Network Engineering,Internship / Traniee,15000 - 40000,Network Engineers
45063.05332407408,SLIIT,Computer Systems & Network Engineering,Associate,100000 - 150000,Network Administrators Computer Systems Engineers
45063.05367228009,NIBM,Computer Systems & Network Engineering,Engineer,160000 - 250000,Computer Systems Administrators
45063.05622829861,SLIIT,Computer Systems & Network Engineering,Associate,160000 - 250000,Database Administrators Cloud
45063.056551643516,SLIIT,Computer Systems & Network Engineering,Engineer,160000 - 250000,Systems Engineers Scripting
45063.05688824074,NIBM,Computer Systems & Network Engineering,Senior Engineer,300000 - 500000,Engineers
45063.057185185186,SLTC,Computer Systems & Network Engineering,Engineer,160000 - 250000,Develops Engineers
45063.057447858795,ICBT,Computer Systems & Network Engineering,Engineer,160000 - 250000,Security Engineers
45063.05856748842,NSBM,Computer Systems & Network Engineering,Associate,100000 - 150000,Infrastructure Engineers
45063.05939861111,NSBM,Computer Systems & Network Engineering,,,Network Architects
45063.060237928235,NIBM,Computer Systems & Network Engineering,Engineer,160000 - 250000,Virtualization Engineers
45063.061046620365,NSBM,Computer Systems & Network Engineering,Senior Engineer,300000 - 500000,Backup Storage
45063.06123818287,ICBT,Computer Systems & Network Engineering,Senior Engineer,160000 - 250000,Engineers Voice
45063.06156474537,NSBM,Computer Systems & Network Engineering,Internship / Traniee,160000 - 250000,Engineers and Network Designers
45063.06215021991,NSBM,Computer Systems & Network Engineering,Associate,160000 - 250000,Infrastructure Engineers
45063.60701283565,SLIIT,Information Technology,Internship / Traniee,50000 - 80000,ICT infrastructure Engineers
45063.61188199074,SLIIT,Information Technology,Internship / Traniee,15000 - 40000,ICT infrastructure Engineers
45063.61270587963,NSBM,,Internship / Traniee,15000 - 40000,System and Data Administrators
45063.613083668984,NIBM,Information Technology,Internship / Traniee,,ICT infrastructure Engineers
45063.613539432874,SLIIT,Computer Systems & Network Engineering,Internship / Traniee,15000 - 40000,Network Engineers
45063.613966550925,SLIIT,Computer Systems & Network Engineering,Senior Engineer,300000 - 500000,Network Administrators Computer Systems Engineers
45063.614225474535,NSBM,Computer Systems & Network Engineering,Engineer,160000 - 250000,Develops Engineers
45063.61472646991,ICBT,Computer Systems & Network Engineering,Associate,50000 - 80000,Computer Systems Administrators
45063.61557071759,SLIIT,Software Engineering,Internship / Traniee,15000 - 40000,Software Engineers
45063.616088263894,NSBM,Information Technology,Engineer,,Information Assurance Engineers
45063.61610987269,NSBM,Software Engineering,Associate,100000 - 150000,Software Engineers
45063.616300671296,SLTC,Information Technology,Associate,15000 - 40000,IT Educationists
45063.616514953705,SLIIT,Information Technology,Associate,50000 - 80000,Software Engineers
45063.61666068287,NIBM,Software Engineering,Senior Engineer,300000 - 500000,Full Stack Developers
45063.616718391204,NSBM,Computer Systems & Network Engineering,Associate,50000 - 80000,Develops Engineers
45063.61694774305,SLTC,Software Engineering,Engineer,160000 - 250000,UI/UX Engineers
45063.61695729167,SLIIT,Computer Systems & Network Engineering,Internship / Traniee,15000 - 40000,Systems Engineers Scripting
45063.61716879629,SLIIT,Computer Systems & Network Engineering,Internship / Traniee,15000 - 40000,Computer Systems Administrators
45063.617228703704,SLIIT,Information Technology,Engineer,100000 - 150000,Information Assurance Engineers
45063.61724144676,ICBT,Software Engineering,Internship / Traniee,15000 - 40000,UI/UX Engineers
45063.617361122684,SLIIT,Computer Systems & Network Engineering,Internship / Traniee,15000 - 40000,Network Administrators Computer Systems Engineers
45063.61744880787,SLIIT,Software Engineering,Internship / Traniee,15000 - 40000,Mobile Application Developers
45063.61746511574,NIBM,Information Technology,Internship / Traniee,15000 - 40000,Web Developers
45063.61766521991,SLTC,Software Engineering,Internship / Traniee,15000 - 40000,System Analysts
45063.617921666664,NSBM,Software Engineering,Internship / Traniee,15000 - 40000,Software Engineers
45063.61815876157,SLIIT,Computer Systems & Network Engineering,Internship / Traniee,15000 - 40000,Engineers
45063.61829799769,NSBM,Information Technology,Engineer,100000 - 150000,Information Assurance Engineers
45063.61837015046,SLIIT,Computer Systems & Network Engineering,Internship / Traniee,15000 - 40000,Develops Engineers
45063.61844515047,NSBM,Software Engineering,Internship / Traniee,15000 - 40000,Full Stack Developers
45063.61850383102,NSBM,Information Technology,Internship / Traniee,15000 - 40000,ICT infrastructure Engineers
45063.61855431713,SLIIT,Computer Systems & Network Engineering,Internship / Traniee,15000 - 40000,Infrastructure Engineers
45063.618697488426,SLIIT,Information Technology,Engineer,50000 - 80000,Web Developers
45063.618749236106,SLIIT,Computer Systems & Network Engineering,Internship / Traniee,15000 - 40000,Infrastructure Engineers
45063.61885090278,NSBM,Software Engineering,Internship / Traniee,15000 - 40000,Mobile Application Developers
45063.61886693287,NSBM,Information Technology,Engineer,100000 - 150000,Information Assurance Engineers
45063.61894825232,SLIIT,Computer Systems & Network Engineering,Internship / Traniee,15000 - 40000,Virtualization Engineers
45063.619069953704,ICBT,Information Technology,Internship / Traniee,15000 - 40000,Web Developers
45063.61909436343,ICBT,Software Engineering,Internship / Traniee,15000 - 40000,System Analysts
45063.61909679398,SLIIT,Computer Systems & Network Engineering,Internship / Traniee,15000 - 40000,System Analysts
45063.61924513889,SLIIT,Computer Systems & Network Engineering,Internship / Traniee,15000 - 40000,Develops Engineers
45063.61926896991,SLIIT,Information Technology,Internship / Traniee,15000 - 40000,Data Engineers
45063.61928370371,NIBM,Software Engineering,Internship / Traniee,15000 - 40000,Mobile Application Developers
45063.61940564815,SLIIT,Computer Systems & Network Engineering,Internship / Traniee,15000 - 40000,Software Engineers
45063.61945383102,NIBM,Information Technology,Internship / Traniee,15000 - 40000,Web Developers
45063.61948170139,NIBM,Software Engineering,Internship / Traniee,15000 - 40000,System Analysts
45063.619612615745,SLIIT,Computer Systems & Network Engineering,Internship / Traniee,15000 - 40000,System Analysts
45063.61963055556,NIBM,Information Technology,Associate,100000 - 150000,Software Engineers
45063.61968636574,NIBM,Software Engineering,Internship / Traniee,15000 - 40000,Software Engineers
45063.61979173611,SLIIT,Computer Systems & Network Engineering,Internship / Traniee,15000 - 40000,System Analysts
45063.61980579861,SLIIT,Information Technology,Associate,100000 - 150000,Software Engineers
45063.61989650463,NIBM,Software Engineering,Internship / Traniee,15000 - 40000,System Analysts
45063.61997774306,SLIIT,Information Technology,Engineer,160000 - 250000,Data Engineers
45063.61999186342,SLIIT,Computer Systems & Network Engineering,Internship / Traniee,15000 - 40000,Software Engineers
45063.620153738426,NSBM,Information Technology,Associate,50000 - 80000,Web Developers
45063.62018587963,SLIIT,Computer Systems & Network Engineering,Internship / Traniee,15000 - 40000,Software Engineers
45063.62033914352,ICBT,Information Technology,Senior Engineer,300000 - 500000,Network Engineers
45063.6203928125,SLIIT,Computer Systems & Network Engineering,Internship / Traniee,15000 - 40000,Software Engineers
45063.62053851852,ICBT,Information Technology,Internship / Traniee,15000 - 40000,Network Engineers
45063.6205762037,SLIIT,Computer Systems & Network Engineering,Internship / Traniee,15000 - 40000,Software Engineers
45063.62108604166,ICBT,Information Technology,Senior Engineer,300000 - 500000,Web Developers
45063.62121557871,SLIIT,Computer Systems & Network Engineering,Internship / Traniee,15000 - 40000,Software Engineers
45063.621272523145,SLTC,Information Technology,Engineer,100000 - 150000,Web Developers
45063.62147744213,SLIIT,Information Technology,Engineer,160000 - 250000,Software Quality Assurance Engineers
45063.621501574075,SLIIT,Computer Systems & Network Engineering,Internship / Traniee,15000 - 40000,Software Engineers
45063.62170924769,SLIIT,Information Technology,Senior Engineer,160000 - 250000,Information Assurance Engineers
45063.621736932866,SLIIT,Computer Systems & Network Engineering,Internship / Traniee,15000 - 40000,Software Engineers
45063.62191581019,SLIIT,Information Technology,Engineer,100000 - 150000,System and Data Administrators
45063.62195354167,SLIIT,Computer Systems & Network Engineering,Internship / Traniee,15000 - 40000,Software Engineers
45063.62217275463,NSBM,Computer Systems & Network Engineering,Internship / Traniee,15000 - 40000,Network Administrators Computer Systems Engineers
45063.62220005787,SLIIT,Information Technology,Associate,160000 - 250000,Software Engineers
45063.62237565972,NSBM,Information Technology,Internship / Traniee,15000 - 40000,System and Data Administrators
45063.622383078706,NIBM,Computer Systems & Network Engineering,Internship / Traniee,15000 - 40000,Software Engineers
45063.62254318287,SLIIT,Information Technology,Associate,100000 - 150000,Data Engineers
45063.622578634255,SLIIT,Computer Systems & Network Engineering,Internship / Traniee,15000 - 40000,Network Administrators Computer Systems Engineers
45063.62273175926,NSBM,Information Technology,Associate,160000 - 250000,Network Engineers
45063.62274096065,SLIIT,Computer Systems & Network Engineering,Internship / Traniee,15000 - 40000,Software Engineers
45063.622921435184,SLTC,Computer Systems & Network Engineering,Internship / Traniee,15000 - 40000,Systems Engineers Scripting
45063.622950000004,SLIIT,Information Technology,Associate,50000 - 80000,Software Engineers
45063.62310899305,NIBM,Computer Systems & Network Engineering,Internship / Traniee,15000 - 40000,Systems Engineers Scripting
45063.62329072917,SLIIT,Computer Systems & Network Engineering,Internship / Traniee,15000 - 40000,Systems Engineers Scripting
45063.62352628472,SLIIT,Computer Systems & Network Engineering,Internship / Traniee,15000 - 40000,Backup Storage
45063.623934641204,NIBM,Computer Systems & Network Engineering,Internship / Traniee,15000 - 40000,Network Architects
45063.62413459491,NSBM,Computer Systems & Network Engineering,Internship / Traniee,15000 - 40000,Develops Engineers
45063.62433068287,SLIIT,Computer Systems & Network Engineering,Internship / Traniee,15000 - 40000,Develops Engineers
45063.624591238426,NSBM,Computer Systems & Network Engineering,Internship / Traniee,15000 - 40000,Develops Engineers
45063.62494422453,SLIIT,Computer Systems & Network Engineering,Internship / Traniee,15000 - 40000,Network Administrators Computer Systems Engineers
45063.625259803244,SLIIT,Computer Systems & Network Engineering,Internship / Traniee,15000 - 40000,Infrastructure Engineers
45063.625454953704,SLIIT,Information Technology,Engineer,160000 - 250000,Data Engineers
45063.62546263888,NSBM,Computer Systems & Network Engineering,Internship / Traniee,15000 - 40000,Virtualization Engineers
45063.62562670139,SLIIT,Information Technology,Associate,160000 - 250000,Web Developers
45063.62634284722,NSBM,Computer Systems & Network Engineering,Internship / Traniee,15000 - 40000,Engineers and Network Designers
45063.62659337963,NIBM,Computer Systems & Network Engineering,Internship / Traniee,15000 - 40000,Database Administrators Cloud
45063.62678987268,NIBM,Computer Systems & Network Engineering,Internship / Traniee,15000 - 40000,Infrastructure Engineers
45063.6270136574,NIBM,Computer Systems & Network Engineering,Internship / Traniee,15000 - 40000,Security Engineers
45063.647704710645,SLIIT,Computer Systems & Network Engineering,Associate,50000 - 80000,Systems Engineers Scripting
45063.65046671296,SLIIT,Computer Systems & Network Engineering,Associate,50000 - 80000,Develops Engineers
45063.65067824074,SLIIT,,Associate,50000 - 80000,Systems Engineers Scripting
45063.65284466435,SLIIT,Computer Systems & Network Engineering,Associate,50000 - 80000,Develops Engineers
45063.65315435185,NSBM,Computer Systems & Network Engineering,Associate,50000 - 80000,Engineers
45063.65369502315,NSBM,Computer Systems & Network Engineering,Associate,50000 - 80000,Security Engineers
45063.65874226852,SLIIT,Computer Systems & Network Engineering,Associate,50000 - 80000,Engineers
45063.659206122684,NSBM,Computer Systems & Network Engineering,Associate,50000 - 80000,Infrastructure Engineers
45063.66003013889,NSBM,Computer Systems & Network Engineering,Associate,50000 - 80000,Develops Engineers
45063.660645972224,SLIIT,Computer Systems & Network Engineering,Associate,50000 - 80000,Network Architects
45063.661263912036,SLIIT,Computer Systems & Network Engineering,Associate,50000 - 80000,Develops Engineers
45063.661717546296,SLIIT,Computer Systems & Network Engineering,Associate,50000 - 80000,Virtualization Engineers
45063.662098368055,NSBM,Computer Systems & Network Engineering,Associate,50000 - 80000,Systems Engineers Scripting
45063.67168454861,SLIIT,Computer Systems & Network Engineering,Associate,50000 - 80000,Database Administrators Cloud
45063.67185915509,SLIIT,Computer Systems & Network Engineering,Associate,50000 - 80000,Security Engineers
45063.672040833335,,Computer Systems & Network Engineering,Associate,50000 - 80000,Network Administrators Computer Systems Engineers
45063.67224208333,SLIIT,Computer Systems & Network Engineering,Associate,50000 - 80000,Computer Systems Administrators
45063.67406849537,SLIIT,Computer Systems & Network Engineering,Associate,50000 - 80000,Security Engineers
45063.67452814815,NSBM,Computer Systems & Network Engineering,Associate,50000 - 80000,Database Administrators Cloud
45063.67473820602,NIBM,Computer Systems & Network Engineering,Associate,50000 - 80000,Infrastructure Engineers
45063.67501136574,NSBM,Computer Systems & Network Engineering,Associate,50000 - 80000,Systems Engineers Scripting
45063.67519496528,ICBT,Computer Systems & Network Engineering,Associate,50000 - 80000,Network Architects
45063.675379837965,SLIIT,Computer Systems & Network Engineering,Associate,50000 - 80000,Develops Engineers
45063.67554982639,NSBM,Computer Systems & Network Engineering,Associate,50000 - 80000,Backup Storage
45063.675769375,ICBT,Computer Systems & Network Engineering,Associate,50000 - 80000,Database Administrators Cloud
45063.67599733797,NSBM,Computer Systems & Network Engineering,Associate,50000 - 80000,Systems Engineers Scripting
45063.676163055556,ICBT,Computer Systems & Network Engineering,Associate,50000 - 80000,Develops Engineers
45063.67641875,SLTC,Computer Systems & Network Engineering,Associate,50000 - 80000,Infrastructure Engineers
45063.67659173611,SLIIT,Computer Systems & Network Engineering,Associate,50000 - 80000,Virtualization Engineers
45063.67680606482,NIBM,Computer Systems & Network Engineering,Associate,50000 - 80000,Network Architects
45063.677033217595,NSBM,Computer Systems & Network Engineering,Associate,50000 - 80000,Engineers
45063.677344270836,NSBM,Computer Systems & Network Engineering,Associate,50000 - 80000,Database Administrators Cloud
45063.67750527778,NIBM,Computer Systems & Network Engineering,Associate,50000 - 80000,Virtualization Engineers
45063.67767766204,NSBM,Computer Systems & Network Engineering,Associate,50000 - 80000,Security Engineers
45063.67782982639,NSBM,Computer Systems & Network Engineering,Associate,50000 - 80000,Systems Engineers Scripting
45063.6779990162,NSBM,Computer Systems & Network Engineering,Associate,50000 - 80000,Computer Systems Administrators
45063.67821950231,SLIIT,Computer Systems & Network Engineering,Associate,50000 - 80000,Computer Systems Administrators
45063.678393009264,NSBM,Computer Systems & Network Engineering,Associate,50000 - 80000,Develops Engineers
45063.67858652778,SLIIT,Computer Systems & Network Engineering,Associate,50000 - 80000,Network Administrators Computer Systems Engineers
45063.67876137732,NIBM,Computer Systems & Network Engineering,Associate,50000 - 80000,Systems Engineers Scripting
45063.678919328704,NIBM,Computer Systems & Network Engineering,Associate,50000 - 80000,Network Architects
45063.679141875,NIBM,Computer Systems & Network Engineering,Associate,50000 - 80000,Security Engineers
45063.67936826389,SLIIT,Computer Systems & Network Engineering,Associate,50000 - 80000,Systems Engineers Scripting
45063.67954511574,SLIIT,Computer Systems & Network Engineering,Associate,50000 - 80000,Develops Engineers
45063.67983042824,NSBM,Computer Systems & Network Engineering,Associate,50000 - 80000,Infrastructure Engineers
45063.680133483795,NSBM,Computer Systems & Network Engineering,Associate,50000 - 80000,Develops Engineers
45063.6803840625,NSBM,Computer Systems & Network Engineering,Associate,50000 - 80000,Systems Engineers Scripting
45063.68058331018,SLIIT,Computer Systems & Network Engineering,Associate,50000 - 80000,Systems Engineers Scripting
45063.6809728125,SLIIT,Computer Systems & Network Engineering,Associate,50000 - 80000,Systems Engineers Scripting
45063.681289189815,NSBM,Computer Systems & Network Engineering,Associate,50000 - 80000,Network Engineers
45063.68148841435,SLIIT,Computer Systems & Network Engineering,Engineer,100000 - 150000,Computer Systems Administrators
45063.68165398148,NSBM,Computer Systems & Network Engineering,Engineer,160000 - 250000,Database Administrators Cloud
45063.68183832176,ICBT,Computer Systems & Network Engineering,Engineer,160000 - 250000,Network Engineers
45063.682042326385,NIBM,Computer Systems & Network Engineering,Engineer,100000 - 150000,Develops Engineers
45063.68220222222,SLIIT,Computer Systems & Network Engineering,Engineer,160000 - 250000,Computer Systems Administrators
45063.6823671875,NIBM,Computer Systems & Network Engineering,Engineer,100000 - 150000,Engineers and Network Designers
45063.68262208333,SLIIT,Computer Systems & Network Engineering,Engineer,100000 - 150000,Network Architects
45063.68306016204,SLIIT,Computer Systems & Network Engineering,Engineer,160000 - 250000,Engineers
45063.683262499995,SLIIT,Computer Systems & Network Engineering,Engineer,160000 - 250000,Systems Engineers Scripting
45063.68348449074,NSBM,Computer Systems & Network Engineering,Engineer,100000 - 150000,Computer Systems Administrators
45063.68365782408,SLIIT,Computer Systems & Network Engineering,Engineer,160000 - 250000,Computer Systems Administrators
45063.68386553241,SLIIT,Computer Systems & Network Engineering,Engineer,100000 - 150000,Security Engineers
45063.68401679398,NIBM,Computer Systems & Network Engineering,Engineer,160000 - 250000,Network Administrators Computer Systems Engineers
45063.68421253472,NIBM,Computer Systems & Network Engineering,Engineer,100000 - 150000,Network Architects
45063.68446966435,SLIIT,Computer Systems & Network Engineering,Engineer,160000 - 250000,Engineers and Network Designers
45063.68466251157,NSBM,Computer Systems & Network Engineering,Engineer,160000 - 250000,Database Administrators Cloud
45063.68489986111,NSBM,Computer Systems & Network Engineering,Engineer,160000 - 250000,Engineers Voice
45063.68512740741,NIBM,Computer Systems & Network Engineering,Engineer,160000 - 250000,Computer Systems Administrators
45063.68536650463,SLIIT,Computer Systems & Network Engineering,Engineer,100000 - 150000,Systems Engineers Scripting
45063.685632650464,NIBM,Computer Systems & Network Engineering,Engineer,160000 - 250000,Infrastructure Engineers
45063.68592123843,SLIIT,Computer Systems & Network Engineering,Engineer,100000 - 150000,Database Administrators Cloud
45063.68613181713,NIBM,Computer Systems & Network Engineering,Engineer,100000 - 150000,Network Administrators Computer Systems Engineers
45063.68640173611,NSBM,Computer Systems & Network Engineering,Engineer,100000 - 150000,Database Administrators Cloud
45063.686838344904,NIBM,Computer Systems & Network Engineering,Engineer,100000 - 150000,Network Administrators Computer Systems Engineers
45063.68703076389,NIBM,Computer Systems & Network Engineering,Engineer,100000 - 150000,Systems Engineers Scripting
45063.68723859954,SLIIT,Computer Systems & Network Engineering,Engineer,160000 - 250000,Develops Engineers
45063.68743438658,SLIIT,Computer Systems & Network Engineering,Engineer,160000 - 250000,Engineers
45063.687992962965,SLIIT,Computer Systems & Network Engineering,Engineer,160000 - 250000,Systems Engineers Scripting
45063.716775891204,SLIIT,Computer Systems & Network Engineering,Engineer,160000 - 250000,Systems Engineers Scripting
45063.733020162035,SLIIT,Computer Systems & Network Engineering,Engineer,100000 - 150000,Systems Engineers Scripting
45063.73338710648,NIBM,Computer Systems & Network Engineering,Engineer,160000 - 250000,Engineers
45063.733614780096,SLIIT,Computer Systems & Network Engineering,Engineer,160000 - 250000,Database Administrators Cloud
45063.73400707176,SLIIT,Computer Systems & Network Engineering,Engineer,160000 - 250000,Systems Engineers Scripting
45063.73458325231,SLIIT,Computer Systems & Network Engineering,Engineer,160000 - 250000,Network Administrators Computer Systems Engineers
45063.7358637963,SLIIT,Computer Systems & Network Engineering,Engineer,160000 - 250000,Systems Engineers Scripting
45063.73606056713,NIBM,Computer Systems & Network Engineering,Engineer,160000 - 250000,Systems Engineers Scripting
45063.73625412037,ICBT,Computer Systems & Network Engineering,Engineer,100000 - 150000,Systems Engineers Scripting
45063.73657734954,ICBT,Computer Systems & Network Engineering,Engineer,100000 - 150000,Engineers Voice
45063.73678515047,SLTC,Computer Systems & Network Engineering,Engineer,160000 - 250000,Develops Engineers
45063.74712113426,NSBM,Computer Systems & Network Engineering,Engineer,160000 - 250000,Network Administrators Computer Systems Engineers
45063.74747581019,NSBM,Computer Systems & Network Engineering,Engineer,160000 - 250000,Engineers and Network Designers
45063.74770628472,ICBT,Computer Systems & Network Engineering,Senior Engineer,300000 - 500000,Systems Engineers Scripting
45063.74785695602,ICBT,Computer Systems & Network Engineering,Senior Engineer,300000 - 500000,Virtualization Engineers
45063.74833287037,NIBM,Computer Systems & Network Engineering,Senior Engineer,300000 - 500000,Develops Engineers
45063.74857606481,NIBM,Computer Systems & Network Engineering,Senior Engineer,300000 - 500000,Develops Engineers
45063.74876418982,SLIIT,Computer Systems & Network Engineering,Senior Engineer,300000 - 500000,Systems Engineers Scripting
45063.74912042824,SLIIT,Computer Systems & Network Engineering,Senior Engineer,300000 - 500000,Engineers
45063.74936543981,NSBM,Computer Systems & Network Engineering,Senior Engineer,300000 - 500000,Systems Engineers Scripting
45063.74955100694,SLIIT,Computer Systems & Network Engineering,Senior Engineer,300000 - 500000,Security Engineers
45063.75074609954,NSBM,Computer Systems & Network Engineering,Senior Engineer,300000 - 500000,Systems Engineers Scripting
45063.75097422454,SLIIT,Computer Systems & Network Engineering,Senior Engineer,300000 - 500000,Computer Systems Administrators
45063.75123982639,SLIIT,Computer Systems & Network Engineering,Senior Engineer,300000 - 500000,Database Administrators Cloud
45063.75140145833,SLIIT,Computer Systems & Network Engineering,Senior Engineer,300000 - 500000,Systems Engineers Scripting
45063.75157474537,NIBM,Computer Systems & Network Engineering,Senior Engineer,300000 - 500000,Security Engineers
45063.75174620371,SLIIT,Computer Systems & Network Engineering,Senior Engineer,300000 - 500000,Security Engineers
45063.75200085648,NIBM,Computer Systems & Network Engineering,Senior Engineer,300000 - 500000,Database Administrators Cloud
45063.75220525463,SLIIT,Computer Systems & Network Engineering,Senior Engineer,300000 - 500000,Systems Engineers Scripting
45063.75240469907,SLIIT,Computer Systems & Network Engineering,Senior Engineer,300000 - 500000,Security Engineers
45063.752723287034,NIBM,Computer Systems & Network Engineering,Senior Engineer,300000 - 500000,Database Administrators Cloud
45063.75295789352,ICBT,Computer Systems & Network Engineering,Senior Engineer,300000 - 500000,Engineers
45063.75314288195,SLIIT,Computer Systems & Network Engineering,Senior Engineer,300000 - 500000,Computer Systems Administrators
45063.753304212965,ICBT,Computer Systems & Network Engineering,Senior Engineer,300000 - 500000,Systems Engineers Scripting
45063.7535446875,ICBT,Computer Systems & Network Engineering,Senior Engineer,300000 - 500000,Develops Engineers
45063.75373303241,NIBM,Computer Systems & Network Engineering,Senior Engineer,300000 - 500000,Database Administrators Cloud
45063.753899097224,ICBT,Computer Systems & Network Engineering,Senior Engineer,300000 - 500000,Infrastructure Engineers
45063.75407325232,SLIIT,,Senior Engineer,300000 - 500000,Security Engineers
45063.75425993056,SLIIT,Computer Systems & Network Engineering,Senior Engineer,300000 - 500000,Security Engineers
45063.754449513886,NIBM,Computer Systems & Network Engineering,Senior Engineer,300000 - 500000,Network Architects
45063.754748067135,SLIIT,Computer Systems & Network Engineering,Senior Engineer,300000 - 500000,Database Administrators Cloud
45063.75495538194,ICBT,Computer Systems & Network Engineering,Senior Engineer,300000 - 500000,Develops Engineers
45063.755147372685,ICBT,Computer Systems & Network Engineering,Senior Engineer,300000 - 500000,Security Engineers
45063.75561232639,SLIIT,Computer Systems & Network Engineering,Senior Engineer,300000 - 500000,Infrastructure Engineers
45063.7558412037,SLIIT,Computer Systems & Network Engineering,Senior Engineer,300000 - 500000,Develops Engineers
45063.756026435185,SLTC,Computer Systems & Network Engineering,Senior Engineer,300000 - 500000,Database Administrators Cloud
45063.756215497684,NIBM,Computer Systems & Network Engineering,Senior Engineer,300000 - 500000,Network Architects
45063.75758863426,NSBM,Computer Systems & Network Engineering,Senior Engineer,300000 - 500000,Backup Storage
45063.757813379634,SLIIT,Computer Systems & Network Engineering,Senior Engineer,300000 - 500000,Engineers and Network Designers
45063.75800969907,SLIIT,Computer Systems & Network Engineering,Senior Engineer,300000 - 500000,Systems Engineers Scripting
45063.75829225694,SLIIT,Computer Systems & Network Engineering,Senior Engineer,300000 - 500000,Network Architects
45063.758453159724,SLIIT,Computer Systems & Network Engineering,Senior Engineer,300000 - 500000,Security Engineers
45063.75870627315,NIBM,Computer Systems & Network Engineering,Senior Engineer,300000 - 500000,Virtualization Engineers
45063.75886271991,NSBM,Computer Systems & Network Engineering,Senior Engineer,300000 - 500000,Computer Systems Administrators
45063.75922060185,ICBT,Computer Systems & Network Engineering,Senior Engineer,300000 - 500000,Systems Engineers Scripting
45063.75942635417,SLIIT,Computer Systems & Network Engineering,Senior Engineer,300000 - 500000,Develops Engineers
45063.759733969906,SLIIT,Computer Systems & Network Engineering,Senior Engineer,300000 - 500000,Develops Engineers
45063.75989663195,ICBT,Computer Systems & Network Engineering,Senior Engineer,300000 - 500000,Security Engineers
45063.76015724537,NSBM,Computer Systems & Network Engineering,Senior Engineer,300000 - 500000,Computer Systems Administrators
45063.76036018519,SLIIT,Computer Systems & Network Engineering,Senior Engineer,300000 - 500000,Infrastructure Engineers
45063.76068091435,NIBM,Computer Systems & Network Engineering,Senior Engineer,300000 - 500000,Security Engineers
45063.76085140047,NIBM,Computer Systems & Network Engineering,Senior Engineer,300000 - 500000,Infrastructure Engineers
45063.76115600695,SLIIT,Computer Systems & Network Engineering,Senior Engineer,300000 - 500000,Network Architects
45063.76161905093,NIBM,Computer Systems & Network Engineering,Senior Engineer,300000 - 500000,Security Engineers
45063.76183307871,NSBM,Computer Systems & Network Engineering,Senior Engineer,300000 - 500000,Engineers
45063.76210153935,SLIIT,Computer Systems & Network Engineering,Senior Engineer,300000 - 500000,Backup Storage
45063.76241131945,SLIIT,Computer Systems & Network Engineering,Senior Engineer,300000 - 500000,Security Engineers
45063.76273869213,NIBM,Computer Systems & Network Engineering,Senior Engineer,300000 - 500000,Backup Storage
45063.764261689816,NSBM,Computer Systems & Network Engineering,Senior Engineer,300000 - 500000,Security Engineers
45063.764412557866,SLIIT,Computer Systems & Network Engineering,Senior Engineer,300000 - 500000,Infrastructure Engineers
45063.765151643514,SLIIT,Computer Systems & Network Engineering,Senior Engineer,300000 - 500000,Systems Engineers Scripting
45063.7654055787,NSBM,Computer Systems & Network Engineering,Senior Engineer,300000 - 500000,Network Architects
45063.765923900464,SLIIT,Computer Systems & Network Engineering,Senior Engineer,300000 - 500000,Network Administrators Computer Systems Engineers
45063.76666311343,NSBM,Computer Systems & Network Engineering,Senior Engineer,300000 - 500000,Infrastructure Engineers
45063.76709811343,SLIIT,Computer Systems & Network Engineering,Senior Engineer,300000 - 500000,Backup Storage
45063.767335682875,SLIIT,Computer Systems & Network Engineering,Senior Engineer,300000 - 500000,Infrastructure Engineers
45063.767498587964,SLIIT,Computer Systems & Network Engineering,Senior Engineer,300000 - 500000,Virtualization Engineers
45063.768299143514,SLIIT,Computer Systems & Network Engineering,Senior Engineer,300000 - 500000,Develops Engineers
45063.76876017361,NIBM,Computer Systems & Network Engineering,Senior Engineer,300000 - 500000,Engineers
45063.76903328704,SLIIT,Computer Systems & Network Engineering,Senior Engineer,300000 - 500000,Infrastructure Engineers
45063.769608449074,SLIIT,Computer Systems & Network Engineering,Senior Engineer,300000 - 500000,Infrastructure Engineers
45063.77003892361,SLIIT,Computer Systems & Network Engineering,Senior Engineer,300000 - 500000,Security Engineers
45063.77054888889,SLIIT,Computer Systems & Network Engineering,Senior Engineer,300000 - 500000,Infrastructure Engineers
45063.770731296296,SLIIT,Computer Systems & Network Engineering,Senior Engineer,300000 - 500000,Virtualization Engineers
45063.77097582176,NSBM,Computer Systems & Network Engineering,Senior Engineer,300000 - 500000,Infrastructure Engineers
45063.7713478125,NSBM,Computer Systems & Network Engineering,Senior Engineer,300000 - 500000,Security Engineers
45063.77169247685,SLIIT,Computer Systems & Network Engineering,Senior Engineer,300000 - 500000,Security Engineers
45063.77206857639,SLIIT,Computer Systems & Network Engineering,Senior Engineer,300000 - 500000,Develops Engineers
45063.773532175925,NSBM,Computer Systems & Network Engineering,Senior Engineer,300000 - 500000,Network Architects
45063.77406394676,SLIIT,Computer Systems & Network Engineering,Senior Engineer,300000 - 500000,Systems Engineers Scripting
45063.774470625,SLIIT,Computer Systems & Network Engineering,Senior Engineer,300000 - 500000,Develops Engineers
45063.774674722226,SLIIT,Computer Systems & Network Engineering,Senior Engineer,300000 - 500000,Network Architects
45063.774970439816,SLIIT,Computer Systems & Network Engineering,Senior Engineer,300000 - 500000,Network Architects
45063.77535858796,SLIIT,Computer Systems & Network Engineering,Senior Engineer,300000 - 500000,Security Engineers
45063.77553407407,SLIIT,Computer Systems & Network Engineering,Senior Engineer,300000 - 500000,Engineers Voice
45063.775720590274,NIBM,Computer Systems & Network Engineering,Senior Engineer,300000 - 500000,Backup Storage
45063.82073177083,SLIIT,Cyber Security,Internship / Traniee,15000 - 40000,Cyber Security Professionals
45063.82093976851,SLIIT,Cyber Security,Internship / Traniee,15000 - 40000,Forensic Analysts
45063.821225798616,SLIIT,Cyber Security,Internship / Traniee,15000 - 40000,Network Security Specialists
45063.82146090278,SLIIT,Cyber Security,Internship / Traniee,15000 - 40000,Risk Analysts and Risk Managers
45063.821677326385,NSBM,Cyber Security,Internship / Traniee,15000 - 40000,Incident and Threat Managers
45063.82186013889,SLIIT,Cyber Security,Internship / Traniee,15000 - 40000,Risk Analysts and Risk Managers
45063.82206506944,SLIIT,Cyber Security,Internship / Traniee,15000 - 40000,System Architects
45063.82237188658,SLIIT,Cyber Security,Internship / Traniee,15000 - 40000,Security Operations Center(SOC) Analysts
45063.822587268514,SLIIT,Cyber Security,Internship / Traniee,15000 - 40000,Incident and Threat Managers
45063.823175046295,SLIIT,Cyber Security,Internship / Traniee,15000 - 40000,Incident and Threat Managers
45063.823490717594,SLTC,Cyber Security,Internship / Traniee,15000 - 40000,Incident and Threat Managers
45063.82482701389,SLIIT,Cyber Security,Internship / Traniee,15000 - 40000,Operations and Security Managers
45063.825229050926,SLIIT,Cyber Security,Internship / Traniee,15000 - 40000,System Architects
45063.82641385417,SLIIT,Cyber Security,Internship / Traniee,15000 - 40000,System Architects
45063.826811736115,SLIIT,Cyber Security,Internship / Traniee,15000 - 40000,Incident and Threat Managers
45063.82730638889,NIBM,Cyber Security,Internship / Traniee,15000 - 40000,Operations and Security Managers
45063.82756976852,SLIIT,Cyber Security,Internship / Traniee,15000 - 40000,Security Operations Center(SOC) Analysts
45063.82836269676,SLIIT,Cyber Security,Internship / Traniee,15000 - 40000,Network Security Specialists
45063.82856135417,NIBM,Cyber Security,Internship / Traniee,15000 - 40000,Cyber Security Professionals
45063.828761689816,SLIIT,Cyber Security,Internship / Traniee,15000 - 40000,Forensic Analysts
45063.828939224535,NIBM,Cyber Security,Internship / Traniee,15000 - 40000,Security Operations Center(SOC) Analysts
45063.829225891204,SLIIT,Cyber Security,Internship / Traniee,15000 - 40000,System Architects
45063.82948138889,NSBM,Cyber Security,Internship / Traniee,15000 - 40000,Risk Analysts and Risk Managers
45063.82965936343,SLIIT,Cyber Security,Internship / Traniee,15000 - 40000,Cyber Security Professionals
45063.8299853125,SLIIT,Cyber Security,Internship / Traniee,15000 - 40000,Operations and Security Managers
45063.830219525466,SLIIT,Cyber Security,Internship / Traniee,15000 - 40000,Cyber Security Professionals
45063.83042949074,SLIIT,Cyber Security,Internship / Traniee,15000 - 40000,Security Operations Center(SOC) Analysts
45063.83062584491,NIBM,Cyber Security,Internship / Traniee,15000 - 40000,Incident and Threat Managers
45063.83091376157,NIBM,Cyber Security,Internship / Traniee,15000 - 40000,Incident and Threat Managers
45063.83112520834,SLIIT,Cyber Security,Internship / Traniee,15000 - 40000,Incident and Threat Managers
45063.83142336806,NSBM,Cyber Security,Internship / Traniee,15000 - 40000,Operations and Security Managers
45063.83160799769,SLIIT,Cyber Security,Internship / Traniee,15000 - 40000,Network Security Specialists
45063.83178900463,SLIIT,Cyber Security,Internship / Traniee,15000 - 40000,Risk Analysts and Risk Managers
45063.83198001157,SLIIT,Cyber Security,Associate,50000 - 80000,System Architects
45063.832168113426,SLIIT,Cyber Security,Associate,50000 - 80000,Incident and Threat Managers
45063.832465196756,NSBM,Cyber Security,Associate,50000 - 80000,Risk Analysts and Risk Managers
45063.832649375,SLIIT,Cyber Security,Associate,50000 - 80000,System Architects
45063.83284802083,NSBM,Cyber Security,Associate,50000 - 80000,System Architects
45063.83300885417,SLIIT,Cyber Security,Associate,50000 - 80000,Cyber Security Professionals
45063.83315730324,NIBM,Cyber Security,Associate,50000 - 80000,Forensic Analysts
45063.833421539355,NSBM,Cyber Security,Associate,50000 - 80000,Operations and Security Managers
45063.83359987268,SLIIT,Cyber Security,Associate,50000 - 80000,Network Security Specialists
45063.833789027776,SLIIT,Cyber Security,Associate,50000 - 80000,Risk Analysts and Risk Managers
45063.834341249996,SLIIT,Cyber Security,Associate,50000 - 80000,Incident and Threat Managers
45063.83460354166,SLIIT,Cyber Security,Associate,50000 - 80000,Security Operations Center(SOC) Analysts
45063.834811967594,SLIIT,Cyber Security,Associate,50000 - 80000,Network Security Specialists
45063.83517037037,NSBM,Cyber Security,Associate,50000 - 80000,Risk Analysts and Risk Managers
45063.83543486111,SLIIT,Cyber Security,Associate,50000 - 80000,Security Operations Center(SOC) Analysts
45063.83566768518,SLIIT,Cyber Security,Associate,50000 - 80000,Incident and Threat Managers
45063.83587077547,SLIIT,Cyber Security,Associate,50000 - 80000,System Architects
45063.83608326389,NIBM,Cyber Security,Associate,50000 - 80000,Risk Analysts and Risk Managers
45063.836304236116,SLIIT,Cyber Security,Associate,50000 - 80000,System Architects
45063.83656260416,SLIIT,Cyber Security,Associate,50000 - 80000,Risk Analysts and Risk Managers
45063.836748229165,SLIIT,Cyber Security,Associate,50000 - 80000,Cyber Security Professionals
45063.83701773148,SLIIT,Cyber Security,Associate,50000 - 80000,System Architects
45063.837207442135,SLIIT,Cyber Security,Associate,50000 - 80000,System Architects
45063.8378697338,SLIIT,Cyber Security,Associate,50000 - 80000,System Architects
45063.83804886574,SLIIT,Cyber Security,Associate,50000 - 80000,Incident and Threat Managers
45063.83826719907,SLIIT,Cyber Security,Associate,50000 - 80000,Cyber Security Professionals
45063.83849894676,SLIIT,Cyber Security,Associate,50000 - 80000,Operations and Security Managers
45063.83872755787,SLIIT,Cyber Security,Associate,50000 - 80000,Risk Analysts and Risk Managers
45063.83895388889,SLIIT,Cyber Security,Associate,50000 - 80000,System Architects
45063.83918726852,SLIIT,Cyber Security,Associate,50000 - 80000,System Architects
45063.8394121412,SLIIT,Cyber Security,Associate,50000 - 80000,Network Security Specialists
45063.83969490741,SLIIT,Cyber Security,Associate,50000 - 80000,Risk Analysts and Risk Managers
45063.83997730324,SLIIT,Cyber Security,Associate,50000 - 80000,System Architects
45063.84021322917,NIBM,Cyber Security,Associate,50000 - 80000,Risk Analysts and Risk Managers
45063.840420023145,SLIIT,Cyber Security,Associate,50000 - 80000,System Architects
45063.84062041667,SLIIT,Cyber Security,Associate,50000 - 80000,Operations and Security Managers
45063.84082321759,SLIIT,Cyber Security,Associate,50000 - 80000,Risk Analysts and Risk Managers
45063.84454210648,SLIIT,Cyber Security,Engineer,160000 - 250000,System Architects
45063.844746250004,SLIIT,Cyber Security,Engineer,100000 - 150000,System Architects
45063.84499121528,SLIIT,Cyber Security,Engineer,160000 - 250000,Operations and Security Managers
45063.84515774305,SLIIT,Cyber Security,Engineer,160000 - 250000,Incident and Threat Managers
45063.84532612268,NSBM,Cyber Security,Engineer,160000 - 250000,Cyber Security Professionals
45063.84548584491,SLIIT,Cyber Security,Engineer,100000 - 150000,System Architects
45063.84563761574,SLIIT,Cyber Security,Engineer,160000 - 250000,Incident and Threat Managers
45063.84581791666,SLIIT,Cyber Security,Engineer,160000 - 250000,Cyber Security Professionals
45063.84598440972,NSBM,Cyber Security,Engineer,100000 - 150000,System Architects
45063.84616751157,SLIIT,Cyber Security,Engineer,160000 - 250000,Operations and Security Managers
45063.84638672454,NSBM,Cyber Security,Engineer,160000 - 250000,Incident and Threat Managers
45063.846617777774,SLIIT,Cyber Security,Engineer,160000 - 250000,System Architects
45063.846818680555,NSBM,Cyber Security,Engineer,100000 - 150000,Risk Analysts and Risk Managers
45063.84701543982,SLIIT,Cyber Security,Engineer,160000 - 250000,System Architects
45063.84719076389,NSBM,Cyber Security,Engineer,160000 - 250000,Operations and Security Managers
45063.84738265046,NIBM,Cyber Security,Engineer,160000 - 250000,Network Security Specialists
45063.84755011574,SLIIT,Cyber Security,Engineer,160000 - 250000,Incident and Threat Managers
45063.84772284722,SLIIT,Cyber Security,Engineer,160000 - 250000,Security Operations Center(SOC) Analysts
45063.847929606476,ICBT,Cyber Security,Engineer,160000 - 250000,Forensic Analysts
45063.84816318287,SLIIT,Cyber Security,Engineer,160000 - 250000,Risk Analysts and Risk Managers
45063.84834541667,NIBM,Cyber Security,Engineer,160000 - 250000,Incident and Threat Managers
45063.8485452662,SLIIT,Cyber Security,Engineer,160000 - 250000,Forensic Analysts
45063.84895835648,SLIIT,Cyber Security,Engineer,160000 - 250000,Security Operations Center(SOC) Analysts
45063.84916854167,SLIIT,Cyber Security,Engineer,160000 - 250000,Incident and Threat Managers
45063.849339872686,SLIIT,Cyber Security,Engineer,160000 - 250000,Operations and Security Managers
45063.84951570602,SLIIT,Cyber Security,Engineer,160000 - 250000,Network Security Specialists
45063.85137754629,SLIIT,Cyber Security,Senior Engineer,300000 - 500000,Forensic Analysts
45063.85158342593,SLIIT,Cyber Security,Senior Engineer,300000 - 500000,Risk Analysts and Risk Managers
45063.85181190972,NSBM,Cyber Security,Senior Engineer,300000 - 500000,Incident and Threat Managers
45063.852050891204,SLIIT,Cyber Security,Senior Engineer,300000 - 500000,Security Operations Center(SOC) Analysts
45063.85226554398,SLIIT,Cyber Security,Senior Engineer,300000 - 500000,Network Security Specialists
45063.852447048615,SLIIT,Cyber Security,Senior Engineer,300000 - 500000,Security Operations Center(SOC) Analysts
45063.852625150466,SLIIT,Cyber Security,Senior Engineer,300000 - 500000,Incident and Threat Managers
45063.85286017361,NSBM,Cyber Security,Senior Engineer,300000 - 500000,Incident and Threat Managers
45063.85303695602,SLIIT,Cyber Security,Senior Engineer,300000 - 500000,Incident and Threat Managers
45063.85322739583,SLIIT,Cyber Security,Senior Engineer,300000 - 500000,Risk Analysts and Risk Managers
45063.85341844907,NIBM,Cyber Security,Senior Engineer,300000 - 500000,Operations and Security Managers
45063.85359775463,SLIIT,Cyber Security,Senior Engineer,300000 - 500000,Network Security Specialists
45063.8537749074,SLIIT,Cyber Security,Senior Engineer,300000 - 500000,Risk Analysts and Risk Managers
45063.85396128472,SLIIT,Cyber Security,Senior Engineer,300000 - 500000,Network Security Specialists
45063.854161967596,NIBM,Cyber Security,Senior Engineer,300000 - 500000,Security Operations Center(SOC) Analysts
45063.85432646991,SLIIT,Cyber Security,Senior Engineer,300000 - 500000,Operations and Security Managers
45063.85449189815,SLIIT,Cyber Security,Senior Engineer,300000 - 500000,Incident and Threat Managers
45063.854655104165,NSBM,Cyber Security,Senior Engineer,300000 - 500000,System Architects
45063.85485,SLIIT,Cyber Security,Senior Engineer,300000 - 500000,System Architects
45063.85503173611,SLIIT,Cyber Security,Senior Engineer,300000 - 500000,Forensic Analysts
45063.855234305556,SLIIT,Cyber Security,Senior Engineer,300000 - 500000,Cyber Security Professionals
45063.85544313658,SLIIT,Cyber Security,Senior Engineer,300000 - 500000,Operations and Security Managers
45063.85564513889,SLIIT,Cyber Security,Senior Engineer,300000 - 500000,Risk Analysts and Risk Managers
45063.85585724537,SLIIT,Cyber Security,Senior Engineer,300000 - 500000,Security Operations Center(SOC) Analysts
45063.85605824074,SLIIT,Cyber Security,Senior Engineer,300000 - 500000,Operations and Security Managers
45063.856511770835,SLIIT,Cyber Security,Senior Engineer,300000 - 500000,System Architects
45063.85666630787,NSBM,Cyber Security,Senior Engineer,300000 - 500000,Network Security Specialists
45063.85684988426,SLIIT,Cyber Security,Senior Engineer,300000 - 500000,Cyber Security Professionals
45063.85700275463,SLIIT,Cyber Security,Senior Engineer,300000 - 500000,Network Security Specialists
45063.857195868055,SLIIT,Cyber Security,Senior Engineer,300000 - 500000,Network Security Specialists
45063.85734880787,SLIIT,Cyber Security,Senior Engineer,300000 - 500000,Incident and Threat Managers
45063.8575083912,SLIIT,Cyber Security,Senior Engineer,300000 - 500000,System Architects
45063.85767859954,SLIIT,Cyber Security,Senior Engineer,300000 - 500000,Operations and Security Managers
45063.85785826389,SLIIT,Cyber Security,Senior Engineer,300000 - 500000,Network Security Specialists
45063.85808474537,SLIIT,Cyber Security,Senior Engineer,300000 - 500000,System Architects
45063.8582755324,SLIIT,Cyber Security,Senior Engineer,300000 - 500000,Security Operations Center(SOC) Analysts
45063.89532914352,SLIIT,Data Science,Internship / Traniee,15000 - 40000,Security Operations Center(SOC) Analysts
45063.89549216435,SLIIT,Data Science,Internship / Traniee,15000 - 40000,Digital Marketing Specialists
45063.89566616898,NSBM,Data Science,Internship / Traniee,15000 - 40000,2D/3D Animators
45063.89584322917,NSBM,Data Science,Internship / Traniee,15000 - 40000,Data Engineer
45063.89603017361,ICBT,Data Science,Internship / Traniee,15000 - 40000,Big Data Engineer
45063.8963658912,SLIIT,Data Science,Internship / Traniee,15000 - 40000,Data Analyst
45063.89662969907,SLIIT,Data Science,Internship / Traniee,15000 - 40000,UX/UI Engineers
45063.89681525463,SLIIT,Data Science,Internship / Traniee,15000 - 40000,Machine Learning Engineer
45063.89703759259,SLIIT,Data Science,Internship / Traniee,15000 - 40000,Business Intelligence Engineer Data Scientist
45063.897574710645,SLIIT,Data Science,Internship / Traniee,15000 - 40000,Data Architect
45063.89773728009,SLIIT,Data Science,Internship / Traniee,15000 - 40000,Big Data Engineer
45063.898077094906,SLIIT,Data Science,Internship / Traniee,15000 - 40000,Data Architect
45063.89824475694,SLIIT,Data Science,Internship / Traniee,15000 - 40000,Database Administrator
45063.89839181713,SLIIT,Data Science,Internship / Traniee,15000 - 40000,Machine Learning Engineer
45063.89853125,SLIIT,Data Science,Internship / Traniee,15000 - 40000,Big Data Application Developer
45063.89870193287,SLIIT,Data Science,Internship / Traniee,15000 - 40000,Digital Marketing Specialists
45063.89889099537,SLIIT,Data Science,Internship / Traniee,15000 - 40000,2D/3D Animators
45063.89903783565,SLIIT,Data Science,Internship / Traniee,15000 - 40000,Data Engineer
45063.89919984953,SLIIT,Data Science,Internship / Traniee,15000 - 40000,Big Data Engineer
45063.89934701389,SLIIT,Data Science,Internship / Traniee,15000 - 40000,Data Analyst
45063.899502291664,SLIIT,Data Science,Internship / Traniee,15000 - 40000,UX/UI Engineers
45063.899646018515,SLIIT,Data Science,Internship / Traniee,15000 - 40000,Machine Learning Engineer
45063.89981003472,SLIIT,Data Science,Internship / Traniee,15000 - 40000,Business Intelligence Engineer Data Scientist
45063.90008553241,SLIIT,Data Science,Internship / Traniee,15000 - 40000,Data Architect
45063.90023233797,SLIIT,Data Science,Internship / Traniee,15000 - 40000,Big Data Engineer
45063.900490520835,SLIIT,Data Science,Internship / Traniee,15000 - 40000,Data Architect
45063.91179677083,SLIIT,Data Science,Internship / Traniee,15000 - 40000,Database Administrator
45063.912319780095,SLIIT,Data Science,Internship / Traniee,15000 - 40000,Machine Learning Engineer
45063.91603898148,SLIIT,Interactive Media,Internship / Traniee,15000 - 40000,Big Data Application Developer
45063.917320381945,SLIIT,Interactive Media,Associate,50000 - 80000,Production Manager
45063.917895266204,SLIIT,Interactive Media,Engineer,100000 - 150000,UX/UI Engineers
45063.91843174769,SLIIT,Interactive Media,Senior Engineer,300000 - 500000,Game Designer/Developer Web Developer
45063.918791724536,SLIIT,Interactive Media,Internship / Traniee,15000 - 40000,Game Technologist
45063.919176192125,SLIIT,Interactive Media,Internship / Traniee,15000 - 40000,Cinematographer
45063.920061701385,SLIIT,Interactive Media,Engineer,100000 - 150000,Mobile Application Developer
45063.92044827546,SLIIT,Interactive Media,Senior Engineer,300000 - 500000,2D/3D Animators
45063.92081041667,SLIIT,,Internship / Traniee,15000 - 40000,Digital Marketing Specialists
45063.92128692129,SLIIT,Interactive Media,Associate,100000 - 150000,Multimedia Developer
45063.921928854164,SLIIT,Interactive Media,Internship / Traniee,15000 - 40000,Advertising Media Specialists
45063.9226933912,SLIIT,Interactive Media,Internship / Traniee,15000 - 40000,2D/3D Animators
45063.92320232639,SLIIT,Interactive Media,Engineer,160000 - 250000,2D/3D Visual Concept Designers
45063.92363158565,SLIIT,Interactive Media,Internship / Traniee,15000 - 40000,Broadcasting Technologies
45063.92432709491,SLIIT,Interactive Media,Senior Engineer,300000 - 500000,Interactive Designer
45063.9244840625,SLIIT,Data Science,Internship / Traniee,15000 - 40000,Database Administrator
45063.92479425926,SLIIT,Data Science,Internship / Traniee,15000 - 40000,Big Data Engineer
45063.92482398148,SLIIT,Interactive Media,Internship / Traniee,15000 - 40000,Audio Production Specialists
45063.92517289352,SLIIT,Data Science,Internship / Traniee,15000 - 40000,Business Intelligence Engineer Data Scientist
45063.92542668981,SLIIT,Data Science,Internship / Traniee,15000 - 40000,Data Engineer
45063.925628136574,SLIIT,Data Science,Internship / Traniee,15000 - 40000,Database Administrator
45063.925709386574,SLIIT,Interactive Media,Associate,50000 - 80000,Cinematographer
45063.9260061574,SLIIT,Data Science,Internship / Traniee,15000 - 40000,Data Engineer
45063.926400972225,SLIIT,Data Science,Internship / Traniee,15000 - 40000,Data Engineer
45063.92658726852,SLIIT,Data Science,Internship / Traniee,15000 - 40000,Business Intelligence Engineer Data Scientist
45063.92665638889,SLIIT,Interactive Media,Internship / Traniee,15000 - 40000,3D Modelers
45063.927337615736,SLIIT,Interactive Media,Engineer,160000 - 250000,Multimedia Programmer
45063.92735913194,SLIIT,Data Science,Internship / Traniee,15000 - 40000,Business Intelligence Engineer Data Scientist
45063.92828157407,SLIIT,Interactive Media,Senior Engineer,300000 - 500000,Game Designer/Developer Web Developer
45063.928913310185,SLIIT,Interactive Media,Internship / Traniee,15000 - 40000,Visual Concept Designer
45063.93011311343,SLIIT,Interactive Media,Internship / Traniee,15000 - 40000,Digital Marketing Specialists
45063.93152208334,SLIIT,Interactive Media,Internship / Traniee,15000 - 40000,2D/3D Animators
45063.93157396991,SLIIT,Data Science,Internship / Traniee,15000 - 40000,Data Engineer
45063.932292384256,SLIIT,Data Science,Internship / Traniee,15000 - 40000,Big Data Engineer
45063.932539814814,SLIIT,Data Science,Associate,50000 - 80000,Data Analyst
45063.93254706018,SLIIT,Interactive Media,Internship / Traniee,15000 - 40000,UX/UI Engineers
45063.932714386574,SLIIT,Data Science,Associate,50000 - 80000,Machine Learning Engineer
45063.93300365741,SLIIT,Data Science,Associate,50000 - 80000,Business Intelligence Engineer Data Scientist
45063.933305,SLIIT,Data Science,Associate,50000 - 80000,Data Architect
45063.93860724537,SLIIT,Data Science,Associate,50000 - 80000,Big Data Engineer
45063.938804143516,SLIIT,Data Science,Associate,50000 - 80000,Data Architect
45063.93903123843,SLIIT,Data Science,Associate,50000 - 80000,Database Administrator
45063.93918212963,SLIIT,Data Science,Associate,50000 - 80000,Machine Learning Engineer
45063.93933569445,SLIIT,Data Science,Associate,50000 - 80000,Big Data Application Developer
45063.93951697917,SLIIT,Data Science,Associate,50000 - 80000,Database Administrator
45063.941246585644,SLIIT,Data Science,Associate,50000 - 80000,Data Architect
45063.941932002315,SLIIT,Data Science,Associate,50000 - 80000,Data Engineer
45063.94221947917,SLIIT,Data Science,Associate,50000 - 80000,Machine Learning Engineer
45063.94359405093,SLIIT,Data Science,Associate,50000 - 80000,Big Data Application Developer
45063.94380320601,SLIIT,Data Science,Associate,50000 - 80000,Database Administrator
45063.944078229164,SLIIT,Data Science,Associate,50000 - 80000,Big Data Engineer
45063.944293912034,SLIIT,Data Science,Associate,50000 - 80000,Data Architect
45063.94450025463,SLIIT,Data Science,Associate,50000 - 80000,Machine Learning Engineer
45063.945005625,SLIIT,Data Science,Associate,50000 - 80000,Business Intelligence Engineer Data Scientist
45063.94798586806,SLIIT,Data Science,Associate,50000 - 80000,Big Data Application Developer
45063.9482456713,SLIIT,Data Science,Associate,50000 - 80000,Develops Engineer
45063.948544467596,SLIIT,Data Science,Associate,50000 - 80000,Data Engineer
45063.94876509259,SLIIT,Data Science,Associate,50000 - 80000,Machine Learning Engineer
45063.94895239583,SLIIT,Data Science,Associate,50000 - 80000,Big Data Engineer
45063.94919792824,SLIIT,Data Science,Associate,50000 - 80000,Big Data Engineer
45063.94941216435,SLIIT,Data Science,Associate,50000 - 80000,Data Science Specialist
45063.94961827547,SLIIT,Data Science,Associate,50000 - 80000,Big Data Application Developer
45063.94983730324,SLIIT,Data Science,Associate,50000 - 80000,Big Data Engineer
45063.95006603009,SLIIT,Data Science,Associate,50000 - 80000,Data Architect
45063.950509421295,SLIIT,Data Science,Associate,50000 - 80000,Machine Learning Engineer
45063.950745787035,SLIIT,Data Science,Associate,50000 - 80000,Data Architect
45063.951094930555,SLIIT,Data Science,Associate,50000 - 80000,Big Data Application Developer
45063.95466541666,SLIIT,Data Science,Associate,50000 - 80000,Data Architect
45063.95487306713,SLIIT,Data Science,Associate,50000 - 80000,Big Data Application Developer
45063.95504688658,SLIIT,Data Science,Associate,50000 - 80000,Big Data Application Developer
45063.95526097222,SLIIT,Data Science,Associate,50000 - 80000,Data Engineer
45063.95547763889,SLIIT,Data Science,Engineer,100000 - 150000,Develops Engineer
45063.955738854165,SLIIT,Data Science,Engineer,160000 - 250000,Big Data Application Developer
45063.95592962963,SLIIT,Data Science,Engineer,100000 - 150000,Big Data Application Developer
45063.95612188657,SLIIT,Data Science,Engineer,160000 - 250000,Data Science Specialist
45063.95632013889,SLIIT,Data Science,Engineer,160000 - 250000,Data Analyst
45063.95651885417,SLIIT,Data Science,Engineer,100000 - 150000,Database Administrator
45063.95675359954,SLIIT,Data Science,Engineer,160000 - 250000,Big Data Engineer
45063.956999675924,SLIIT,Data Science,Engineer,100000 - 150000,Business Intelligence Engineer Data Scientist
45063.95725587963,SLIIT,Data Science,Engineer,100000 - 150000,Develops Engineer
45063.95745717593,SLIIT,Data Science,Engineer,100000 - 150000,Big Data Application Developer
45063.957752835646,SLIIT,Data Science,Engineer,100000 - 150000,Machine Learning Engineer
45063.95798190973,SLIIT,Data Science,Engineer,100000 - 150000,Data Analyst
45063.958244837966,SLIIT,Data Science,Engineer,160000 - 250000,Database Administrator
45063.958472488426,SLIIT,Data Science,Engineer,100000 - 150000,Machine Learning Engineer
45063.95870819445,SLIIT,Data Science,Engineer,160000 - 250000,Data Analyst
45063.95890324074,SLIIT,Data Science,Engineer,100000 - 150000,Data Architect
45063.95910493056,SLIIT,Data Science,Engineer,100000 - 150000,Database Administrator
45063.959454421296,SLIIT,Data Science,Engineer,100000 - 150000,Big Data Application Developer
45063.95975394676,SLIIT,Data Science,Engineer,100000 - 150000,Big Data Engineer
45063.95999109954,SLIIT,Data Science,Engineer,100000 - 150000,Database Administrator
45063.96020282408,SLIIT,Data Science,Engineer,160000 - 250000,Machine Learning Engineer
45063.96047506944,SLIIT,Data Science,Engineer,160000 - 250000,Data Architect
45063.9607490625,SLIIT,Data Science,Engineer,100000 - 150000,Software Engineer
45063.960928298606,SLIIT,Data Science,Engineer,100000 - 150000,Data Science Specialist
45063.961189560185,SLIIT,Data Science,Engineer,100000 - 150000,Software Engineer
45063.961404050926,SLIIT,Data Science,Engineer,160000 - 250000,Software Engineer
45063.9615862037,SLIIT,Data Science,Engineer,160000 - 250000,Big Data Engineer
45063.96186826389,SLIIT,Data Science,Engineer,160000 - 250000,Software Engineer
45063.96206775463,SLIIT,Data Science,Engineer,160000 - 250000,Database Administrator
45063.9622980787,SLIIT,Data Science,Engineer,100000 - 150000,Software Engineer
45063.96294586806,SLIIT,Data Science,Engineer,100000 - 150000,Data Engineer
45063.96325042824,SLIIT,Data Science,Engineer,160000 - 250000,Develops Engineer
45063.96359886574,SLIIT,Data Science,Engineer,100000 - 150000,Data Analyst
45063.96410524305,SLIIT,Data Science,Engineer,100000 - 150000,Big Data Engineer
45063.96434384259,SLIIT,Data Science,Engineer,100000 - 150000,Develops Engineer
45063.96459533565,SLIIT,Data Science,Engineer,160000 - 250000,Data Science Specialist
45063.9648381713,SLIIT,Data Science,Engineer,100000 - 150000,Data Architect
45063.9650737037,SLIIT,Data Science,Engineer,160000 - 250000,Data Science Specialist
45063.96526350694,SLIIT,Data Science,Engineer,160000 - 250000,Database Administrator
45063.96547427084,SLIIT,Data Science,Engineer,100000 - 150000,Big Data Application Developer
45063.965689398145,SLIIT,Data Science,Engineer,100000 - 150000,Data Engineer
45063.96587075232,SLIIT,Data Science,Engineer,160000 - 250000,Data Engineer
45063.966143067126,SLIIT,Data Science,Engineer,100000 - 150000,Data Science Specialist
45063.96636021991,SLIIT,Data Science,Engineer,100000 - 150000,Data Analyst
45063.966560706016,SLIIT,Data Science,Engineer,100000 - 150000,Machine Learning Engineer
45063.96671341435,SLIIT,Data Science,Engineer,300000 - 500000,Big Data Application Developer
45063.96685780093,SLIIT,Data Science,Senior Engineer,300000 - 500000,Big Data Application Developer
45063.96701739583,SLIIT,Data Science,Senior Engineer,300000 - 500000,Data Architect
45063.96719571759,SLIIT,Data Science,Senior Engineer,300000 - 500000,Big Data Engineer
45063.967369108796,SLIIT,Data Science,Senior Engineer,300000 - 500000,Business Intelligence Engineer Data Scientist
45063.96753721064,SLIIT,Data Science,Senior Engineer,300000 - 500000,Software Engineer
45063.96771431713,SLIIT,Data Science,Senior Engineer,300000 - 500000,Database Administrator
45063.96791122685,SLIIT,Data Science,Senior Engineer,300000 - 500000,Data Architect
45063.96808387732,SLIIT,Data Science,Senior Engineer,300000 - 500000,Data Analyst
45063.968273819446,SLIIT,Data Science,Senior Engineer,300000 - 500000,Big Data Engineer
45063.96847194445,SLIIT,Data Science,Senior Engineer,300000 - 500000,Data Analyst
45063.9686622338,SLIIT,Cyber Security,Senior Engineer,300000 - 500000,Data Architect
45063.96958831018,SLIIT,Data Science,Senior Engineer,300000 - 500000,Data Analyst
45063.96982804398,SLIIT,Data Science,,100000 - 150000,Data Analyst
45063.97059278935,SLIIT,Data Science,Senior Engineer,300000 - 500000,Data Architect
45063.97087762732,SLIIT,Data Science,Senior Engineer,300000 - 500000,Software Engineer
45063.971130370366,SLIIT,Data Science,Senior Engineer,300000 - 500000,Big Data Engineer
45063.97146392361,SLIIT,Data Science,Senior Engineer,300000 - 500000,Software Engineer
45063.97179917824,SLIIT,Data Science,Senior Engineer,300000 - 500000,Big Data Engineer
45063.972008888886,SLIIT,Data Science,Senior Engineer,300000 - 500000,Data Architect
45063.97258127315,SLIIT,Data Science,Senior Engineer,300000 - 500000,Database Administrator
45063.9727619676,SLIIT,Data Science,Senior Engineer,300000 - 500000,Data Analyst
45063.97310693287,SLIIT,Data Science,Senior Engineer,300000 - 500000,Database Administrator
45063.97360346065,SLIIT,Data Science,Senior Engineer,300000 - 500000,Data Engineer
45063.973854525466,SLIIT,Data Science,Senior Engineer,300000 - 500000,Database Administrator
45063.9740730787,SLIIT,Data Science,Senior Engineer,300000 - 500000,Data Science Specialist
45063.97438517361,SLIIT,Data Science,Senior Engineer,300000 - 500000,Database Administrator
45063.97522881944,SLIIT,Data Science,Senior Engineer,300000 - 500000,Data Engineer
45063.97546886574,SLIIT,Data Science,Senior Engineer,300000 - 500000,Business Intelligence Engineer Data Scientist
45063.975763263894,SLIIT,Data Science,Senior Engineer,300000 - 500000,Develops Engineer
45063.97599407408,SLIIT,Data Science,Senior Engineer,300000 - 500000,Big Data Engineer
45063.97622685185,SLIIT,Data Science,Senior Engineer,300000 - 500000,Data Science Specialist
45063.976442824074,SLIIT,Data Science,Senior Engineer,300000 - 500000,Big Data Engineer
45063.97666925926,SLIIT,Data Science,Senior Engineer,300000 - 500000,Big Data Engineer
45063.977038171295,SLIIT,Data Science,Senior Engineer,300000 - 500000,Software Engineer
45063.977259340274,SLIIT,Data Science,Senior Engineer,300000 - 500000,Data Architect
45063.97747946759,SLIIT,Data Science,Senior Engineer,300000 - 500000,Business Intelligence Engineer Data Scientist
45064.00902481482,SLIIT,Information Technology,Engineer,160000 - 250000,Network Engineers
45064.00928412037,SLIIT,Information Technology,Engineer,100000 - 150000,Data Engineers
45064.00953253472,NSBM,Information Technology,Engineer,100000 - 150000,ICT infrastructure Engineers
45064.00978755787,SLIIT,Information Technology,Engineer,100000 - 150000,IT Managers
45064.01012015046,SLIIT,Information Technology,Engineer,100000 - 150000,Software Quality Assurance Engineers
45064.010352627316,SLIIT,Information Technology,Engineer,100000 - 150000,Software Engineers
45064.01056861111,SLIIT,Information Technology,Engineer,160000 - 250000,IT Educationists
45064.010799780095,SLIIT,Information Technology,Engineer,160000 - 250000,Data Engineers
45064.010973321754,SLIIT,Information Technology,Engineer,100000 - 150000,Data Engineers
45064.01122328704,SLIIT,Information Technology,Engineer,100000 - 150000,System and Data Administrators
45064.011434050924,SLIIT,Information Technology,Engineer,160000 - 250000,ICT infrastructure Engineers
45064.01174144676,SLIIT,Information Technology,Engineer,100000 - 150000,Web Developers
45064.011979641204,SLIIT,Information Technology,Engineer,100000 - 150000,Data Engineers
45064.01216885417,SLIIT,Information Technology,Engineer,160000 - 250000,Software Quality Assurance Engineers
45064.01235672453,SLIIT,Information Technology,Engineer,160000 - 250000,Data Engineers
45064.01261806713,SLIIT,Information Technology,Engineer,100000 - 150000,IT Educationists
45064.01285025463,SLIIT,Information Technology,Engineer,160000 - 250000,Software Engineers
45064.013074131944,SLIIT,Information Technology,Engineer,160000 - 250000,Network Engineers
45064.01330361111,SLIIT,Information Technology,Engineer,160000 - 250000,Software Quality Assurance Engineers
45064.01349939815,SLIIT,Information Technology,Engineer,160000 - 250000,Software Quality Assurance Engineers
45064.01370111111,SLIIT,Information Technology,Engineer,160000 - 250000,Data Engineers
45064.013896539356,SLIIT,Information Technology,Engineer,100000 - 150000,IT Managers
45064.01409668982,SLIIT,Information Technology,Engineer,160000 - 250000,IT Educationists
45064.01433818287,SLIIT,Information Technology,Engineer,100000 - 150000,Software Engineers
45064.01453608796,SLIIT,Information Technology,Engineer,160000 - 250000,Web Developers
45064.0147097338,SLIIT,Information Technology,Engineer,100000 - 150000,IT Educationists
45064.01527934028,SLIIT,Information Technology,Engineer,160000 - 250000,Web Developers
45064.01544565972,SLIIT,Information Technology,Senior Engineer,300000 - 500000,Web Developers
45064.01569134259,SLIIT,Information Technology,Senior Engineer,300000 - 500000,Network Engineers
45064.01585082176,SLIIT,Information Technology,Senior Engineer,300000 - 500000,IT Educationists
45064.016069930556,SLIIT,Information Technology,Senior Engineer,300000 - 500000,System and Data Administrators
45064.027867743054,SLIIT,Information Technology,Senior Engineer,300000 - 500000,ICT infrastructure Engineers
45064.02812484954,SLIIT,Information Technology,Senior Engineer,300000 - 500000,IT Managers
45064.028556307865,SLIIT,Information Technology,Senior Engineer,300000 - 500000,Software Engineers
45064.02886440972,SLIIT,Information Technology,Senior Engineer,300000 - 500000,Software Quality Assurance Engineers
45064.02904774305,SLIIT,Information Technology,Senior Engineer,300000 - 500000,Software Quality Assurance Engineers
45064.02929438658,SLIIT,Information Technology,Senior Engineer,300000 - 500000,Information Assurance Engineers
45064.02955695602,SLIIT,Information Technology,Senior Engineer,300000 - 500000,Data Engineers
45064.02983086805,SLIIT,Information Technology,Senior Engineer,300000 - 500000,Data Engineers
45064.03003046296,SLIIT,Information Technology,Senior Engineer,300000 - 500000,IT Managers
45064.03019667824,SLIIT,Information Technology,Senior Engineer,300000 - 500000,IT Educationists
45064.03035699074,SLIIT,Information Technology,Senior Engineer,300000 - 500000,Web Developers
45064.03053428241,SLIIT,Information Technology,Senior Engineer,300000 - 500000,Network Engineers
45064.03081175926,SLIIT,Information Technology,Senior Engineer,300000 - 500000,Data Engineers
45064.031144872686,SLIIT,Information Technology,Senior Engineer,300000 - 500000,Web Developers
45064.03132548611,SLIIT,Information Technology,Senior Engineer,300000 - 500000,Web Developers
45064.03158336805,SLIIT,Information Technology,Senior Engineer,300000 - 500000,Information Assurance Engineers
45064.03176175926,SLIIT,Information Technology,Senior Engineer,300000 - 500000,Software Quality Assurance Engineers
45064.03208792824,SLIIT,Information Technology,Senior Engineer,300000 - 500000,System and Data Administrators
45064.03225923611,SLIIT,Information Technology,Senior Engineer,300000 - 500000,Network Engineers
45064.03244134259,SLIIT,Information Technology,Senior Engineer,300000 - 500000,Data Engineers
45064.032664108796,SLIIT,Information Technology,Senior Engineer,300000 - 500000,Information Assurance Engineers
45064.032854097226,SLIIT,Information Technology,Senior Engineer,300000 - 500000,Software Engineers
45064.033021400464,SLIIT,Information Technology,Senior Engineer,300000 - 500000,Network Engineers
45064.03320332176,SLIIT,Information Technology,Senior Engineer,300000 - 500000,Information Assurance Engineers
45064.033571747685,SLIIT,Information Technology,Senior Engineer,300000 - 500000,Data Engineers
45064.03377385417,SLIIT,Information Technology,Senior Engineer,300000 - 500000,IT Managers
45064.033967951385,SLIIT,Information Technology,Senior Engineer,300000 - 500000,System and Data Administrators
45064.03414042824,SLIIT,Information Technology,Senior Engineer,300000 - 500000,Data Engineers
45064.0343769676,SLIIT,Information Technology,Senior Engineer,300000 - 500000,Software Quality Assurance Engineers
45064.10779667824,SLIIT,Interactive Media,Internship / Traniee,15000 - 40000,Creative Director
45064.10836050926,SLIIT,Interactive Media,Internship / Traniee,15000 - 40000,Production Manager
